Frequency,Attenuation_dB
1.547002700000000000e+07,-3.223416199689944861e+00
1.547020278125000000e+07,-3.148466307624819827e+00
1.547037856250000000e+07,-3.072933842191631015e+00
1.547055434375000000e+07,-2.999012776648602330e+00
1.547073012500000000e+07,-2.928574477092172224e+00
1.547090590625000000e+07,-2.863090027710011753e+00
1.547108168750000000e+07,-2.801643685952923235e+00
1.547125746875000000e+07,-2.725536235470441326e+00
1.547143325000000000e+07,-2.651180504211174238e+00
1.547160903125000000e+07,-2.580748511552689806e+00
1.547178481250000000e+07,-2.523709600703126554e+00
1.547196059375000000e+07,-2.462744762431096746e+00
1.547213637500000000e+07,-2.399700181887029604e+00
1.547231215625000000e+07,-2.336231476444228683e+00
1.547248793750000000e+07,-2.273790395946450715e+00
1.547266371875000000e+07,-2.213469709631734172e+00
1.547283950000000000e+07,-2.156017597803177477e+00
1.547301528125000000e+07,-2.101790764817202728e+00
1.547319106250000000e+07,-2.050813774788773802e+00
1.547336684375000000e+07,-1.982339977942780163e+00
1.547354262500000000e+07,-1.925301448459262321e+00
1.547371840625000000e+07,-1.875543939876567423e+00
1.547389418750000000e+07,-1.824067396444458922e+00
1.547406996875000000e+07,-1.771983116508466294e+00
1.547424575000000000e+07,-1.720237355333315676e+00
1.547442153125000000e+07,-1.669448649930546313e+00
1.547459731250000000e+07,-1.619929163337830325e+00
1.547477309375000000e+07,-1.571667609044103964e+00
1.547494887500000000e+07,-1.524313997907848162e+00
1.547512465625000000e+07,-1.477253489674128062e+00
1.547530043750000000e+07,-1.429567765193303863e+00
1.547547621875000000e+07,-1.389045223024658160e+00
1.547565200000000000e+07,-1.343885613232113974e+00
1.547582778125000000e+07,-1.299636158723595836e+00
1.547600356250000000e+07,-1.256802076700863413e+00
1.547617934375000000e+07,-1.215579611692520823e+00
1.547635512500000000e+07,-1.175821332921389129e+00
1.547653090625000000e+07,-1.137025920879123797e+00
1.547670668750000000e+07,-1.098399419146088185e+00
1.547688246875000000e+07,-1.058828865844434475e+00
1.547705825000000000e+07,-1.017005835846860551e+00
1.547723403125000000e+07,-9.782348782954243260e-01
1.547740981250000000e+07,-9.551798447119731472e-01
1.547758559375000000e+07,-9.221180887785050961e-01
1.547776137500000000e+07,-8.821864723133910902e-01
1.547793715625000000e+07,-8.461181930237342552e-01
1.547811293750000000e+07,-8.134350147869934267e-01
1.547828871875000000e+07,-7.832393780664934635e-01
1.547846450000000000e+07,-7.542614663829237953e-01
1.547864028125000000e+07,-7.249019685736129981e-01
1.547881606250000000e+07,-6.933013570519050983e-01
1.547899184375000000e+07,-6.574046822952912539e-01
1.547916762500000000e+07,-6.306329079244031854e-01
1.547934340625000000e+07,-6.096831222881968770e-01
1.547951918750000000e+07,-5.886931463092536232e-01
1.547969496875000000e+07,-5.647386816055256498e-01
1.547987075000000000e+07,-5.322578940879000298e-01
1.548004653125000000e+07,-5.053470168832220333e-01
1.548022231250000000e+07,-4.824367057853911067e-01
1.548039809375000000e+07,-4.615213334524425060e-01
1.548057387500000000e+07,-4.402399855690732888e-01
1.548074965625000000e+07,-4.159543653212363634e-01
1.548092543750000000e+07,-3.859183582282820213e-01
1.548110121875000000e+07,-3.720515172116122260e-01
1.548127700000000000e+07,-3.548436067440164376e-01
1.548145278125000000e+07,-3.364799989407146197e-01
1.548162856250000000e+07,-3.206091295972264277e-01
1.548180434375000000e+07,-3.076120021044103647e-01
1.548198012500000000e+07,-2.830434073750736079e-01
1.548215590625000000e+07,-2.643699803970060991e-01
1.548233168750000000e+07,-2.489387472255350509e-01
1.548250746875000000e+07,-2.336872968752383706e-01
1.548268325000000000e+07,-2.152620348937304140e-01
1.548285903125000000e+07,-1.969697201494111372e-01
1.548303481250000000e+07,-1.895775508748359650e-01
1.548321059375000000e+07,-1.771099719555732366e-01
1.548338637500000000e+07,-1.627716456025307679e-01
1.548356215625000000e+07,-1.495795441941696613e-01
1.548373793750000000e+07,-1.402349122073539012e-01
1.548391371875000000e+07,-1.369930679744616187e-01
1.548408950000000000e+07,-1.201242975710751365e-01
1.548426528125000000e+07,-1.068698892227809422e-01
1.548444106250000000e+07,-9.479446290422792465e-02
1.548461684375000000e+07,-7.990585229498006758e-02
1.548479262500000000e+07,-7.359687845935743156e-02
1.548496840625000000e+07,-7.054762223101024299e-02
1.548514418750000000e+07,-6.297929163554699672e-02
1.548531996875000000e+07,-5.339234208456392072e-02
1.548549575000000000e+07,-4.405295207846662842e-02
1.548567153125000000e+07,-3.694979913207654953e-02
1.548584731250000000e+07,-3.368467376552360809e-02
1.548602309375000000e+07,-3.542652105077483127e-02
1.548619887500000000e+07,-2.588429668263002997e-02
1.548637465625000000e+07,-1.344738072334809680e-02
1.548655043750000000e+07,9.858868740414473454e-04
1.548672621875000000e+07,-2.595586235984000990e-03
1.548690200000000000e+07,-2.676893507371723695e-03
1.548707778125000000e+07,6.096625680427148267e-04
1.548725356250000000e+07,5.515391957320643461e-03
1.548742934375000000e+07,1.054237868247653170e-02
1.548760512500000000e+07,1.448862293723324896e-02
1.548778090625000000e+07,1.645220404744677720e-02
1.548795668750000000e+07,1.596494390334506769e-02
1.548813246875000000e+07,1.289841222928869539e-02
1.548830825000000000e+07,2.007460145293742809e-02
1.548848403125000000e+07,3.098672005047538661e-02
1.548865981250000000e+07,2.686604326574782917e-02
1.548883559375000000e+07,2.562143738653338901e-02
1.548901137500000000e+07,2.603768983481510868e-02
1.548918715625000000e+07,2.712482176422030544e-02
1.548936293750000000e+07,2.813720689608754932e-02
1.548953871875000000e+07,2.866223971704521395e-02
1.548971450000000000e+07,2.861120974675660997e-02
1.548989028125000000e+07,2.821275896467178440e-02
1.549006606250000000e+07,2.801492439355417891e-02
1.549024184375000000e+07,2.882527029846957203e-02
1.549041762500000000e+07,2.441702836919258657e-02
1.549059340625000000e+07,2.462386850195874555e-02
1.549076918750000000e+07,2.486828452482152049e-02
1.549094496875000000e+07,2.455882576140136497e-02
1.549112075000000000e+07,2.339353989272551990e-02
1.549129653125000000e+07,2.140785350106167231e-02
1.549147231250000000e+07,1.898501428474901054e-02
1.549164809375000000e+07,1.684701352658417306e-02
1.549182387500000000e+07,1.594766130448787775e-02
1.549199965625000000e+07,1.758780758081547602e-02
1.549217543750000000e+07,2.317939432794870885e-02
1.549235121875000000e+07,9.563992000790487794e-03
1.549252700000000000e+07,-8.941900815937917297e-04
1.549270278125000000e+07,4.010273955903745878e-03
1.549287856250000000e+07,5.708856799700802974e-03
1.549305434375000000e+07,4.551158520010700759e-03
1.549323012500000000e+07,1.283106424917835947e-03
1.549340590625000000e+07,-2.939396093368580598e-03
1.549358168750000000e+07,-6.629848162982683590e-03
1.549375746875000000e+07,-7.986440953326272990e-03
1.549393325000000000e+07,-5.030146844431862205e-03
1.549410903125000000e+07,-2.455854777979060884e-03
1.549428481250000000e+07,-1.234359994472209593e-02
1.549446059375000000e+07,-2.000262860078075647e-02
1.549463637500000000e+07,-2.980027250550837045e-02
1.549481215625000000e+07,-2.310518104836813136e-02
1.549498793750000000e+07,-2.149156217422454329e-02
1.549516371875000000e+07,-2.373983298926256660e-02
1.549533950000000000e+07,-2.798861123821849706e-02
1.549551528125000000e+07,-3.201133600474016100e-02
1.549569106250000000e+07,-3.323108732366832768e-02
1.549586684375000000e+07,-2.893719268683773993e-02
1.549604262500000000e+07,-3.186951702260889391e-02
1.549621840625000000e+07,-3.808948380997623229e-02
1.549639418750000000e+07,-4.115658566331090867e-02
1.549656996875000000e+07,-4.486250545095615133e-02
1.549674575000000000e+07,-5.267826164417296203e-02
1.549692153125000000e+07,-4.953320700797865517e-02
1.549709731250000000e+07,-4.799614818962041896e-02
1.549727309375000000e+07,-4.998853618950562655e-02
1.549744887500000000e+07,-5.255298354699746571e-02
1.549762465625000000e+07,-5.246118382332489588e-02
1.549780043750000000e+07,-4.626283966035028145e-02
1.549797621875000000e+07,-5.517570706946500758e-02
1.549815200000000000e+07,-5.906761114305167371e-02
1.549832778125000000e+07,-5.942407893673961466e-02
1.549850356250000000e+07,-5.934176768727476153e-02
1.549867934375000000e+07,-6.165609151916298658e-02
1.549885512500000000e+07,-6.879322825350224491e-02
1.549903090625000000e+07,-6.901895983624439790e-02
1.549920668750000000e+07,-6.600842588767723285e-02
1.549938246875000000e+07,-6.488901562045042148e-02
1.549955825000000000e+07,-6.175020650519020410e-02
1.549973403125000000e+07,-5.930435252909539712e-02
1.549990981250000000e+07,-6.759423630659203153e-02
1.550008559375000000e+07,-7.000998315912185244e-02
1.550026137500000000e+07,-6.906010182416863485e-02
1.550043715625000000e+07,-6.711612410895739789e-02
1.550061293750000000e+07,-6.628547261031472737e-02
1.550078871875000000e+07,-6.832332126631862623e-02
1.550096450000000000e+07,-7.453058282317316652e-02
1.550114028125000000e+07,-7.646972957229278278e-02
1.550131606250000000e+07,-6.897116361591160150e-02
1.550149184375000000e+07,-6.060333241306468249e-02
1.550166762500000000e+07,-6.218060690098086568e-02
1.550184340625000000e+07,-6.779259420506617007e-02
1.550201918750000000e+07,-6.899530092240856172e-02
1.550219496875000000e+07,-6.762048912471968487e-02
1.550237075000000000e+07,-6.523964282993753583e-02
1.550254653125000000e+07,-6.320120933303709221e-02
1.550272231250000000e+07,-6.251049110976947265e-02
1.550289809375000000e+07,-6.379724068333531006e-02
1.550307387500000000e+07,-6.730293118597585611e-02
1.550324965625000000e+07,-6.783266452483859010e-02
1.550342543750000000e+07,-5.158499058498890177e-02
1.550360121875000000e+07,-5.548892201390578927e-02
1.550377700000000000e+07,-5.751654910849376273e-02
1.550395278125000000e+07,-5.721213223082963900e-02
1.550412856250000000e+07,-5.565617906503689954e-02
1.550430434375000000e+07,-5.367923450426633630e-02
1.550448012500000000e+07,-5.182997768477839301e-02
1.550465590625000000e+07,-5.030594563686035386e-02
1.550483168750000000e+07,-4.899748683884119771e-02
1.550500746875000000e+07,-4.747488108990963879e-02
1.550518325000000000e+07,-4.502237966089592952e-02
1.550535903125000000e+07,-4.663299517734826455e-02
1.550553481250000000e+07,-4.412742730673827746e-02
1.550571059375000000e+07,-4.114572832074134268e-02
1.550588637500000000e+07,-3.837121523902598669e-02
1.550606215625000000e+07,-3.623178053395310905e-02
1.550623793750000000e+07,-3.481234836230257673e-02
1.550641371875000000e+07,-3.385675564779586089e-02
1.550658950000000000e+07,-3.277645284536526149e-02
1.550676528125000000e+07,-3.065904309975372305e-02
1.550694106250000000e+07,-2.635853604022955071e-02
1.550711684375000000e+07,-1.849785324027994685e-02
1.550729262500000000e+07,-2.110001968245219656e-02
1.550746840625000000e+07,-3.139749601849724236e-02
1.550764418750000000e+07,-2.480442538943811864e-02
1.550781996875000000e+07,-1.801200569046140787e-02
1.550799575000000000e+07,-1.419519532963877013e-02
1.550817153125000000e+07,-1.273655321931448613e-02
1.550834731250000000e+07,-1.263216673934716705e-02
1.550852309375000000e+07,-1.249898706892527307e-02
1.550869887500000000e+07,-1.066328593959846478e-02
1.550887465625000000e+07,-5.191141624434802287e-03
1.550905043750000000e+07,5.993994269965388470e-03
1.550922621875000000e+07,2.772572322785603642e-04
1.550940200000000000e+07,-3.488523995299397037e-03
1.550957778125000000e+07,-8.000842076625970523e-03
1.550975356250000000e+07,-2.650446470923759935e-03
1.550992934375000000e+07,4.626564788320109388e-03
1.551010512500000000e+07,7.455155776867496316e-03
1.551028090625000000e+07,7.548288309286240068e-03
1.551045668750000000e+07,7.014372867693879909e-03
1.551063246875000000e+07,8.332055975022375008e-03
1.551080825000000000e+07,1.415429976089034939e-02
1.551098403125000000e+07,2.047694651375827832e-02
1.551115981250000000e+07,1.585530120782211588e-02
1.551133559375000000e+07,1.556418160594205333e-02
1.551151137500000000e+07,1.576825204074852604e-02
1.551168715625000000e+07,1.286976862034533778e-02
1.551186293750000000e+07,1.408556409832596897e-02
1.551203871875000000e+07,2.034001323808661346e-02
1.551221450000000000e+07,2.205255795119189302e-02
1.551239028125000000e+07,2.202088842396011589e-02
1.551256606250000000e+07,2.341438137356097182e-02
1.551274184375000000e+07,2.962779987057306483e-02
1.551291762500000000e+07,2.860796877842590458e-02
1.551309340625000000e+07,2.498476074919557532e-02
1.551326918750000000e+07,2.581472696696666957e-02
1.551344496875000000e+07,2.794207281997198103e-02
1.551362075000000000e+07,2.842676879051250077e-02
1.551379653125000000e+07,2.469947328301477785e-02
1.551397231250000000e+07,2.077992830156256271e-02
1.551414809375000000e+07,2.649297710855287938e-02
1.551432387500000000e+07,2.891425140831125826e-02
1.551449965625000000e+07,3.187301648442608659e-02
1.551467543750000000e+07,3.940852948867478583e-02
1.551485121875000000e+07,3.094852157389278019e-02
1.551502700000000000e+07,2.732381330697567293e-02
1.551520278125000000e+07,2.774778716346725654e-02
1.551537856250000000e+07,2.976441917118960792e-02
1.551555434375000000e+07,3.117697002526297750e-02
1.551573012500000000e+07,3.011639003944432263e-02
1.551590590625000000e+07,2.509280343872058103e-02
1.551608168750000000e+07,1.702184664144901563e-02
1.551625746875000000e+07,2.460865955957275419e-02
1.551643325000000000e+07,3.141331886013528502e-02
1.551660903125000000e+07,3.526819516947167499e-02
1.551678481250000000e+07,2.670728403206909518e-02
1.551696059375000000e+07,2.302648034147574893e-02
1.551713637500000000e+07,2.238154830692667269e-02
1.551731215625000000e+07,2.310106462799752305e-02
1.551748793750000000e+07,2.377332231994768591e-02
1.551766371875000000e+07,2.323928965534060448e-02
1.551783950000000000e+07,2.077488233156324707e-02
1.551801528125000000e+07,1.600587203279481632e-02
1.551819106250000000e+07,8.926493917978940013e-03
1.551836684375000000e+07,2.025623706802679933e-02
1.551854262500000000e+07,2.107126912417117692e-02
1.551871840625000000e+07,1.550480351019210487e-02
1.551889418750000000e+07,1.257740249064833414e-02
1.551906996875000000e+07,1.112384898478116155e-02
1.551924575000000000e+07,1.026469004401564349e-02
1.551942153125000000e+07,9.314811230880652368e-03
1.551959731250000000e+07,7.992215547442586485e-03
1.551977309375000000e+07,6.285832218172275263e-03
1.551994887500000000e+07,4.536238008693045144e-03
1.552012465625000000e+07,3.373079518343710149e-03
1.552030043750000000e+07,3.689606932637313087e-03
1.552047621875000000e+07,-2.290918210129702128e-03
1.552065200000000000e+07,-2.776852190008448872e-03
1.552082778125000000e+07,-3.335866983361131504e-03
1.552100356250000000e+07,-4.451724540646763255e-03
1.552117934375000000e+07,-6.342293371100379308e-03
1.552135512500000000e+07,-8.869409735699254962e-03
1.552153090625000000e+07,-1.153190399052731775e-02
1.552170668750000000e+07,-1.352099007653289817e-02
1.552188246875000000e+07,-1.376898965128579323e-02
1.552205825000000000e+07,-1.094705752051878048e-02
1.552223403125000000e+07,-1.035538026801959173e-02
1.552240981250000000e+07,-2.468710478201326108e-02
1.552258559375000000e+07,-2.821385840478035298e-02
1.552276137500000000e+07,-2.406681109127751378e-02
1.552293715625000000e+07,-2.300135999343567300e-02
1.552311293750000000e+07,-2.453543860333234211e-02
1.552328871875000000e+07,-2.777248702161276908e-02
1.552346450000000000e+07,-3.145952811772698837e-02
1.552364028125000000e+07,-3.400703114037639807e-02
1.552381606250000000e+07,-3.353949225532060208e-02
1.552399184375000000e+07,-2.803284206021490824e-02
1.552416762500000000e+07,-3.090017638011920836e-02
1.552434340625000000e+07,-3.883506136193300151e-02
1.552451918750000000e+07,-4.600854903384619943e-02
1.552469496875000000e+07,-4.947113883272898083e-02
1.552487075000000000e+07,-4.369121014129683650e-02
1.552504653125000000e+07,-4.275235319966276537e-02
1.552522231250000000e+07,-4.510120374066951127e-02
1.552539809375000000e+07,-4.874150453024164026e-02
1.552557387500000000e+07,-5.131144972097385903e-02
1.552574965625000000e+07,-5.019335676747429392e-02
1.552592543750000000e+07,-4.263201035433642622e-02
1.552610121875000000e+07,-5.053759777745001763e-02
1.552627700000000000e+07,-5.447242034380862796e-02
1.552645278125000000e+07,-5.655093217528155136e-02
1.552662856250000000e+07,-6.047424045859536856e-02
1.552680434375000000e+07,-6.661288614821966880e-02
1.552698012500000000e+07,-6.053329603927323777e-02
1.552715590625000000e+07,-5.970927382800940431e-02
1.552733168750000000e+07,-6.150747037468497908e-02
1.552750746875000000e+07,-6.284923432965186518e-02
1.552768325000000000e+07,-6.039774634426968436e-02
1.552785903125000000e+07,-5.749698425828120990e-02
1.552803481250000000e+07,-6.487842568205363925e-02
1.552821059375000000e+07,-6.659791536806586310e-02
1.552838637500000000e+07,-6.585563376967505655e-02
1.552856215625000000e+07,-6.569418016669181792e-02
1.552873793750000000e+07,-6.880014164299656787e-02
1.552891371875000000e+07,-7.745973042511665463e-02
1.552908950000000000e+07,-7.193425615928233929e-02
1.552926528125000000e+07,-6.948510900725267392e-02
1.552944106250000000e+07,-6.768280352314069714e-02
1.552961684375000000e+07,-6.254996280588048796e-02
1.552979262500000000e+07,-6.546548281729887286e-02
1.552996840625000000e+07,-7.114554384112624363e-02
1.553014418750000000e+07,-7.181193791386836223e-02
1.553031996875000000e+07,-6.995923760946035075e-02
1.553049575000000000e+07,-6.788318856651720523e-02
1.553067153125000000e+07,-6.757225899760049836e-02
1.553084731250000000e+07,-7.064971311738552084e-02
1.553102309375000000e+07,-7.827399121286890415e-02
1.553119887500000000e+07,-7.417322761622228977e-02
1.553137465625000000e+07,-6.675186843990413288e-02
1.553155043750000000e+07,-5.691657068623380555e-02
1.553172621875000000e+07,-6.467412930726500198e-02
1.553190200000000000e+07,-6.854261195344221735e-02
1.553207778125000000e+07,-6.864911626422585955e-02
1.553225356250000000e+07,-6.674462834119287979e-02
1.553242934375000000e+07,-6.434815917495796678e-02
1.553260512500000000e+07,-6.270078194069075850e-02
1.553278090625000000e+07,-6.264959230065696161e-02
1.553295668750000000e+07,-6.473513968840424737e-02
1.553313246875000000e+07,-6.906527287073804811e-02
1.553330825000000000e+07,-6.282434459688050754e-02
1.553348403125000000e+07,-5.254947581139878671e-02
1.553365981250000000e+07,-5.698207257726085884e-02
1.553383559375000000e+07,-5.827300813723353817e-02
1.553401137500000000e+07,-5.761257308463745008e-02
1.553418715625000000e+07,-5.603182346781404588e-02
1.553436293750000000e+07,-5.425026157519008407e-02
1.553453871875000000e+07,-5.271475983054402237e-02
1.553471450000000000e+07,-5.152776120076378585e-02
1.553489028125000000e+07,-5.045116193375644847e-02
1.553506606250000000e+07,-4.896075207430336529e-02
1.553524184375000000e+07,-4.624163484200028568e-02
1.553541762500000000e+07,-4.856936235200465246e-02
1.553559340625000000e+07,-4.608114600309423659e-02
1.553576918750000000e+07,-4.337522674408716278e-02
1.553594496875000000e+07,-4.107041711148552016e-02
1.553612075000000000e+07,-3.944950417008125099e-02
1.553629653125000000e+07,-3.850918304159128835e-02
1.553647231250000000e+07,-3.787113370398013934e-02
1.553664809375000000e+07,-3.684267043988181251e-02
1.553682387500000000e+07,-3.441936701232130996e-02
1.553699965625000000e+07,-2.937016819443224319e-02
1.553717543750000000e+07,-2.026785029843165831e-02
1.553735121875000000e+07,-3.027650800774846218e-02
1.553752700000000000e+07,-3.705246787631355510e-02
1.553770278125000000e+07,-2.840653194999839468e-02
1.553787856250000000e+07,-2.289279765428524696e-02
1.553805434375000000e+07,-2.019018358960324167e-02
1.553823012500000000e+07,-1.954635507434459088e-02
1.553840590625000000e+07,-1.982400250850763906e-02
1.553858168750000000e+07,-1.953416548517291837e-02
1.553875746875000000e+07,-1.689344324420848087e-02
1.553893325000000000e+07,-9.929451659965875948e-03
1.553910903125000000e+07,-3.337996678424636973e-03
1.553928481250000000e+07,-9.228016472934209499e-03
1.553946059375000000e+07,-1.289214519144425003e-02
1.553963637500000000e+07,-1.870827115378956296e-02
1.553981215625000000e+07,-8.061993879942658606e-03
1.553998793750000000e+07,-2.512177280234964560e-03
1.554016371875000000e+07,-8.835954634196037296e-04
1.554033950000000000e+07,-1.302232980681853822e-03
1.554051528125000000e+07,-1.538065361097851842e-03
1.554069106250000000e+07,9.674538317397849644e-04
1.554086684375000000e+07,8.916506739391429417e-03
1.554104262500000000e+07,9.581912225963849783e-03
1.554121840625000000e+07,6.887781983375000291e-03
1.554139418750000000e+07,7.250109851037121224e-03
1.554156996875000000e+07,6.889105867500390501e-03
1.554174575000000000e+07,2.341487989422744425e-03
1.554192153125000000e+07,8.662709802743501220e-03
1.554209731250000000e+07,1.327462675402210288e-02
1.554227309375000000e+07,1.425646207554677296e-02
1.554244887500000000e+07,1.452821236377700373e-02
1.554262465625000000e+07,1.738217306543365578e-02
1.554280043750000000e+07,2.622253608316044843e-02
1.554297621875000000e+07,1.981799549890211204e-02
1.554315200000000000e+07,1.833622895365252109e-02
1.554332778125000000e+07,2.026469412013495383e-02
1.554350356250000000e+07,2.248896678228993681e-02
1.554367934375000000e+07,2.219940515094369696e-02
1.554385512500000000e+07,1.696518025288137194e-02
1.554403090625000000e+07,1.850391999284671518e-02
1.554420668750000000e+07,2.315462847402999583e-02
1.554438246875000000e+07,2.576582494323826147e-02
1.554455825000000000e+07,3.026394049569072417e-02
1.554473403125000000e+07,3.395864993861461706e-02
1.554490981250000000e+07,2.674392788300410453e-02
1.554508559375000000e+07,2.529435853945664198e-02
1.554526137500000000e+07,2.707281817555374365e-02
1.554543715625000000e+07,2.970317464816239761e-02
1.554561293750000000e+07,3.107044668498890744e-02
1.554578871875000000e+07,2.945043987290263052e-02
1.554596450000000000e+07,2.351202723521562607e-02
1.554614028125000000e+07,2.172288148421492107e-02
1.554631606250000000e+07,2.922809834786807212e-02
1.554649184375000000e+07,3.747156108532014029e-02
1.554666762500000000e+07,3.564985513603044498e-02
1.554684340625000000e+07,2.965605063581730136e-02
1.554701918750000000e+07,2.793222623596106416e-02
1.554719496875000000e+07,2.868639906092862457e-02
1.554737075000000000e+07,3.029641003090863607e-02
1.554754653125000000e+07,3.146125835463334242e-02
1.554772231250000000e+07,3.115318447509344765e-02
1.554789809375000000e+07,2.876097927602541335e-02
1.554807387500000000e+07,2.402493200150488534e-02
1.554824965625000000e+07,2.216041915082671288e-02
1.554842543750000000e+07,3.697153938326229461e-02
1.554860121875000000e+07,3.153218783567316580e-02
1.554877700000000000e+07,2.784675066690711978e-02
1.554895278125000000e+07,2.641043968298158878e-02
1.554912856250000000e+07,2.612590830888750909e-02
1.554930434375000000e+07,2.619329012298116793e-02
1.554948012500000000e+07,2.603179754125035245e-02
1.554965590625000000e+07,2.546792194960253997e-02
1.554983168750000000e+07,2.459909044573478296e-02
1.555000746875000000e+07,2.388174487847418564e-02
1.555018325000000000e+07,2.402545891666417119e-02
1.555035903125000000e+07,2.003831960618947944e-02
1.555053481250000000e+07,2.011314755450772929e-02
1.555071059375000000e+07,2.059664705942931828e-02
1.555088637500000000e+07,2.081348306436704015e-02
1.555106215625000000e+07,2.036647781096528192e-02
1.555123793750000000e+07,1.914323729356826390e-02
1.555141371875000000e+07,1.742057168245284698e-02
1.555158950000000000e+07,1.580550410463234592e-02
1.555176528125000000e+07,1.516752855009010324e-02
1.555194106250000000e+07,1.670839025852354637e-02
1.555211684375000000e+07,2.176788273711051033e-02
1.555229262500000000e+07,1.636436860690253930e-02
1.555246840625000000e+07,3.263736446224825040e-03
1.555264418750000000e+07,6.952966043822499109e-03
1.555281996875000000e+07,1.103480150209574379e-02
1.555299575000000000e+07,1.200882024710748716e-02
1.555317153125000000e+07,1.056055592417499273e-02
1.555334731250000000e+07,8.009682020594486793e-03
1.555352309375000000e+07,5.203013765640788872e-03
1.555369887500000000e+07,4.307984081764838769e-03
1.555387465625000000e+07,7.116463919223775178e-03
1.555405043750000000e+07,1.541301010062388378e-02
1.555422621875000000e+07,7.154918540667218156e-03
1.555440200000000000e+07,6.745807275310880362e-04
1.555457778125000000e+07,-6.502782446068844542e-03
1.555475356250000000e+07,-3.383267358657714337e-03
1.555492934375000000e+07,8.399197766044537656e-04
1.555510512500000000e+07,1.505090743119546744e-03
1.555528090625000000e+07,-7.566767020117383087e-04
1.555545668750000000e+07,-4.051137775936317596e-03
1.555563246875000000e+07,-4.500847834765201935e-03
1.555580825000000000e+07,-1.285721076154156635e-03
1.555598403125000000e+07,2.904492117065774447e-03
1.555615981250000000e+07,-3.481791399099023066e-03
1.555633559375000000e+07,-2.582126997130377091e-03
1.555651137500000000e+07,-1.680640969589876875e-03
1.555668715625000000e+07,-3.129339464254739765e-03
1.555686293750000000e+07,-2.184126658508204338e-03
1.555703871875000000e+07,-2.067646815772816293e-03
1.555721450000000000e+07,-2.258097180194649709e-03
1.555739028125000000e+07,-2.753057921246534080e-03
1.555756606250000000e+07,-2.772205776219973956e-03
1.555774184375000000e+07,-2.346875957508209876e-03
1.555791762500000000e+07,4.532353527259582598e-03
1.555809340625000000e+07,-2.375824892645793125e-03
1.555826918750000000e+07,-2.108454242523312146e-04
1.555844496875000000e+07,-1.082192149379413186e-03
1.555862075000000000e+07,1.161737943588522022e-04
1.555879653125000000e+07,1.046304856379430895e-02
1.555897231250000000e+07,8.516082279124575355e-03
1.555914809375000000e+07,2.163182940736224256e-04
1.555932387500000000e+07,2.955878149618307651e-03
1.555949965625000000e+07,1.865959658206924445e-03
1.555967543750000000e+07,2.388069900734365609e-03
1.555985121875000000e+07,4.461621616916263550e-03
1.556002700000000000e+07,9.862886087710338520e-03
1.556020278125000000e+07,3.014497742942089022e-03
1.556037856250000000e+07,3.337625897424957577e-03
1.556055434375000000e+07,7.654732144150152781e-03
1.556073012500000000e+07,3.102846366190846776e-04
1.556090590625000000e+07,1.817091262375329641e-04
1.556108168750000000e+07,-4.167652198252716858e-04
1.556125746875000000e+07,7.810720545045017746e-04
1.556143325000000000e+07,-6.461081631437977889e-04
1.556160903125000000e+07,-1.829292349259122649e-03
1.556178481250000000e+07,-2.168492446859064345e-04
1.556196059375000000e+07,-1.841881168857895622e-03
1.556213637500000000e+07,-8.586463786638214545e-04
1.556231215625000000e+07,-3.193744810988977459e-03
1.556248793750000000e+07,-3.776626891385849189e-03
1.556266371875000000e+07,-4.036479310282093357e-03
1.556283950000000000e+07,-2.453120221286783642e-03
1.556301528125000000e+07,-3.694479874180876637e-03
1.556319106250000000e+07,-4.945627731017194009e-03
1.556336684375000000e+07,-3.003990443347886400e-03
1.556354262500000000e+07,-1.828629694072688881e-03
1.556371840625000000e+07,-3.602714453959422053e-03
1.556389418750000000e+07,-5.786806602831030995e-03
1.556406996875000000e+07,-4.959696952274428999e-03
1.556424575000000000e+07,-4.160631351865055026e-03
1.556442153125000000e+07,-2.380758818498528249e-03
1.556459731250000000e+07,-1.736960952518281330e-03
1.556477309375000000e+07,-1.211107995087207191e-03
1.556494887500000000e+07,-1.692146988718796618e-04
1.556512465625000000e+07,5.509808025574674910e-04
1.556530043750000000e+07,3.700852822045064966e-03
1.556547621875000000e+07,1.351425285309386750e-04
1.556565200000000000e+07,2.075096925614763888e-03
1.556582778125000000e+07,4.252221406099595397e-03
1.556600356250000000e+07,5.590203241438002589e-03
1.556617934375000000e+07,6.340190929319673187e-03
1.556635512500000000e+07,6.551472728742312179e-03
1.556653090625000000e+07,6.395515314935955840e-03
1.556670668750000000e+07,7.227400002926256603e-03
1.556688246875000000e+07,9.609431918836978601e-03
1.556705825000000000e+07,1.508331443833117042e-02
1.556723403125000000e+07,1.848944488402822287e-02
1.556740981250000000e+07,6.703438666415826100e-03
1.556758559375000000e+07,5.940931617423957437e-03
1.556776137500000000e+07,1.275040923496825566e-02
1.556793715625000000e+07,1.647654323042274660e-02
1.556811293750000000e+07,1.760410342457771268e-02
1.556828871875000000e+07,1.698439780399585083e-02
1.556846450000000000e+07,1.588423078199071442e-02
1.556864028125000000e+07,1.592471619154773449e-02
1.556881606250000000e+07,1.891673492880303897e-02
1.556899184375000000e+07,2.693873787877680906e-02
1.556916762500000000e+07,2.653030741166639145e-02
1.556934340625000000e+07,2.100634780107012156e-02
1.556951918750000000e+07,1.621786575788065204e-02
1.556969496875000000e+07,1.506932965139171077e-02
1.556987075000000000e+07,2.311058471408030529e-02
1.557004653125000000e+07,2.625789044806830369e-02
1.557022231250000000e+07,2.606844008756772912e-02
1.557039809375000000e+07,2.451008162122444989e-02
1.557057387500000000e+07,2.396815338898414943e-02
1.557074965625000000e+07,2.703302493088748787e-02
1.557092543750000000e+07,3.648270796086998391e-02
1.557110121875000000e+07,3.035969441700126642e-02
1.557127700000000000e+07,2.814871593972685312e-02
1.557145278125000000e+07,2.772137351948415415e-02
1.557162856250000000e+07,2.535295146104498201e-02
1.557180434375000000e+07,2.068514545999166135e-02
1.557198012500000000e+07,2.815198507764609878e-02
1.557215590625000000e+07,3.026179429236856497e-02
1.557233168750000000e+07,2.967319937183618417e-02
1.557250746875000000e+07,2.943497675250362697e-02
1.557268325000000000e+07,3.289104034644987212e-02
1.557285903125000000e+07,3.670842047981213996e-02
1.557303481250000000e+07,3.013786671407964884e-02
1.557321059375000000e+07,2.913917011385856737e-02
1.557338637500000000e+07,3.048068508560132853e-02
1.557356215625000000e+07,3.115520081234526839e-02
1.557373793750000000e+07,2.843346663039678437e-02
1.557391371875000000e+07,2.008513839716102867e-02
1.557408950000000000e+07,2.578531895482898822e-02
1.557426528125000000e+07,2.831956274604694943e-02
1.557444106250000000e+07,3.008878007303420962e-02
1.557461684375000000e+07,3.509805251894096423e-02
1.557479262500000000e+07,3.193018626395132536e-02
1.557496840625000000e+07,2.589551359106578507e-02
1.557514418750000000e+07,2.477757704637880559e-02
1.557531996875000000e+07,2.606065494466209415e-02
1.557549575000000000e+07,2.746260022044748686e-02
1.557567153125000000e+07,2.698812557623084946e-02
1.557584731250000000e+07,2.303132468281707951e-02
1.557602309375000000e+07,1.441636772500922391e-02
1.557619887500000000e+07,1.740772407938129956e-02
1.557637465625000000e+07,2.362568098778002404e-02
1.557655043750000000e+07,3.215210642103118188e-02
1.557672621875000000e+07,2.298725633680485242e-02
1.557690200000000000e+07,1.761144683063013347e-02
1.557707778125000000e+07,1.589506427095723970e-02
1.557725356250000000e+07,1.609242640966044788e-02
1.557742934375000000e+07,1.669426726918209203e-02
1.557760512500000000e+07,1.646143677401934458e-02
1.557778090625000000e+07,1.451331429433725707e-02
1.557795668750000000e+07,1.035140822109198618e-02
1.557813246875000000e+07,3.862416443767704467e-03
1.557830825000000000e+07,7.873613614585359827e-03
1.557848403125000000e+07,1.581880777791212778e-02
1.557865981250000000e+07,8.976260943759495695e-03
1.557883559375000000e+07,5.212445255175911230e-03
1.557901137500000000e+07,3.310902789474439931e-03
1.557918715625000000e+07,2.274948404164267319e-03
1.557936293750000000e+07,1.360108874218870318e-03
1.557953871875000000e+07,1.327337023877875311e-04
1.557971450000000000e+07,-1.489667558616596848e-03
1.557989028125000000e+07,-3.294328855665011515e-03
1.558006606250000000e+07,-4.728532613791506904e-03
1.558024184375000000e+07,-5.003234095556131217e-03
1.558041762500000000e+07,-1.035407182145866786e-02
1.558059340625000000e+07,-1.094628803324165442e-02
1.558076918750000000e+07,-1.136343098182559207e-02
1.558094496875000000e+07,-1.221222487220813974e-02
1.558112075000000000e+07,-1.379000924623357931e-02
1.558129653125000000e+07,-1.605771131866734133e-02
1.558147231250000000e+07,-1.866937474201751240e-02
1.558164809375000000e+07,-2.090552999160019340e-02
1.558182387500000000e+07,-2.176480776835391928e-02
1.558199965625000000e+07,-2.002054351601986401e-02
1.558217543750000000e+07,-1.422717761551189550e-02
1.558235121875000000e+07,-2.756230958479179843e-02
1.558252700000000000e+07,-3.766773557851836596e-02
1.558270278125000000e+07,-3.233206829668128918e-02
1.558287856250000000e+07,-3.013670420986429288e-02
1.558305434375000000e+07,-3.074124424518060589e-02
1.558323012500000000e+07,-3.338721775598184338e-02
1.558340590625000000e+07,-3.694512587754104904e-02
1.558358168750000000e+07,-3.991746920147980215e-02
1.558375746875000000e+07,-4.051119971028901978e-02
1.558393325000000000e+07,-3.676461897147786234e-02
1.558410903125000000e+07,-3.334814035408544680e-02
1.558428481250000000e+07,-4.237211056266461384e-02
1.558446059375000000e+07,-4.914630046257890267e-02
1.558463637500000000e+07,-5.801898354933199969e-02
1.558481215625000000e+07,-5.038160654950524231e-02
1.558498793750000000e+07,-4.780804239796497546e-02
1.558516371875000000e+07,-4.908965048362937122e-02
1.558533950000000000e+07,-5.236554191552757198e-02
1.558551528125000000e+07,-5.539289113369921802e-02
1.558569106250000000e+07,-5.563278512353753841e-02
1.558586684375000000e+07,-5.034104038376543272e-02
1.558604262500000000e+07,-5.228359207457345531e-02
1.558621840625000000e+07,-5.750709291337162410e-02
1.558639418750000000e+07,-5.959503398674673852e-02
1.558656996875000000e+07,-6.233011851069482356e-02
1.558674575000000000e+07,-6.917178396709898480e-02
1.558692153125000000e+07,-6.506645878523484305e-02
1.558709731250000000e+07,-6.258797343590441487e-02
1.558727309375000000e+07,-6.364857443496650669e-02
1.558744887500000000e+07,-6.530904587384860072e-02
1.558762465625000000e+07,-6.432115430314498672e-02
1.558780043750000000e+07,-5.725595173031797214e-02
1.558797621875000000e+07,-6.531286398093033574e-02
1.558815200000000000e+07,-6.837539973139485083e-02
1.558832778125000000e+07,-6.792864937540922521e-02
1.558850356250000000e+07,-6.705473202474668271e-02
1.558867934375000000e+07,-6.862677752382399798e-02
1.558885512500000000e+07,-7.502415132549646037e-02
1.558903090625000000e+07,-7.455209843441409912e-02
1.558920668750000000e+07,-7.086329929177560827e-02
1.558938246875000000e+07,-6.909204740051839988e-02
1.558955825000000000e+07,-6.533847767653740146e-02
1.558973403125000000e+07,-6.229607451151795983e-02
1.558990981250000000e+07,-7.002542557553530223e-02
1.559008559375000000e+07,-7.189497036478283143e-02
1.559026137500000000e+07,-7.043436224222859865e-02
1.559043715625000000e+07,-6.801394115950647190e-02
1.559061293750000000e+07,-6.673073522366938792e-02
1.559078871875000000e+07,-6.833884527655831320e-02
1.559096450000000000e+07,-7.415576132108737950e-02
1.559114028125000000e+07,-7.571764814507307706e-02
1.559131606250000000e+07,-6.788102900007803031e-02
1.559149184375000000e+07,-5.919264464193652736e-02
1.559166762500000000e+07,-6.048131447489701884e-02
1.559184340625000000e+07,-6.582930426220358344e-02
1.559201918750000000e+07,-6.680534073513301474e-02
1.559219496875000000e+07,-6.520398196867312202e-02
1.559237075000000000e+07,-6.264313303839150193e-02
1.559254653125000000e+07,-6.043440370180051119e-02
1.559272231250000000e+07,-5.959495488868666452e-02
1.559289809375000000e+07,-6.076580523455919064e-02
1.559307387500000000e+07,-6.417192592972489895e-02
1.559324965625000000e+07,-6.461349935016709456e-02
1.559342543750000000e+07,-4.830720425499179793e-02
1.559360121875000000e+07,-5.215009297312567238e-02
1.559377700000000000e+07,-5.416454928799867979e-02
1.559395278125000000e+07,-5.385511309476242320e-02
1.559412856250000000e+07,-5.230921666124096342e-02
1.559430434375000000e+07,-5.034548996947919158e-02
1.559448012500000000e+07,-4.851679610666467107e-02
1.559465590625000000e+07,-4.704433296488201577e-02
1.559483168750000000e+07,-4.579641447855643116e-02
1.559500746875000000e+07,-4.433959723159825589e-02
1.559518325000000000e+07,-4.197206708423256022e-02
1.559535903125000000e+07,-4.365658392245606173e-02
1.559553481250000000e+07,-4.125681050545049189e-02
1.559571059375000000e+07,-3.837930775296372055e-02
1.559588637500000000e+07,-3.571916185912683839e-02
1.559606215625000000e+07,-3.369900517800741152e-02
1.559623793750000000e+07,-3.239672069862929715e-02
1.559641371875000000e+07,-3.157500768830476257e-02
1.559658950000000000e+07,-3.060695866654146099e-02
1.559676528125000000e+07,-2.862974334788695452e-02
1.559694106250000000e+07,-2.446081367107601212e-02
1.559711684375000000e+07,-1.674371863881473146e-02
1.559729262500000000e+07,-1.948002420037924995e-02
1.559746840625000000e+07,-2.991965537037422768e-02
1.559764418750000000e+07,-2.344039809455568391e-02
1.559781996875000000e+07,-1.678917822784622982e-02
1.559799575000000000e+07,-1.310816780936463130e-02
1.559817153125000000e+07,-1.177574670205558220e-02
1.559834731250000000e+07,-1.180016107786058428e-02
1.559852309375000000e+07,-1.179817401589806913e-02
1.559869887500000000e+07,-1.007975818911429830e-02
1.559887465625000000e+07,-4.721736476441010591e-03
1.559905043750000000e+07,6.348874289594269582e-03
1.559922621875000000e+07,5.324206138776636831e-04
1.559940200000000000e+07,-3.331931744221390893e-03
1.559957778125000000e+07,-7.918318007981008794e-03
1.559975356250000000e+07,-2.654690118244068097e-03
1.559992934375000000e+07,4.530998569579060622e-03
1.560010512500000000e+07,7.281671019785027760e-03
1.560028090625000000e+07,7.295888596903038655e-03
1.560045668750000000e+07,6.718062128495577365e-03
1.560063246875000000e+07,7.961073947663720868e-03
1.560080825000000000e+07,1.373862196436640218e-02
1.560098403125000000e+07,2.002267716218551763e-02
1.560115981250000000e+07,1.536106475873884325e-02
1.560133559375000000e+07,1.505610142247551519e-02
1.560151137500000000e+07,1.523627999672498221e-02
1.560168715625000000e+07,1.231243526529253104e-02
1.560186293750000000e+07,1.352581812357538452e-02
1.560203871875000000e+07,1.977761997102227970e-02
1.560221450000000000e+07,2.148612339416425265e-02
1.560239028125000000e+07,2.146119371660040742e-02
1.560256606250000000e+07,2.286602470461892092e-02
1.560274184375000000e+07,2.910372145028413543e-02
1.560291762500000000e+07,2.809871480880804517e-02
1.560309340625000000e+07,2.449501332767329426e-02
1.560326918750000000e+07,2.535446460882702022e-02
1.560344496875000000e+07,2.752383811211536746e-02
1.560362075000000000e+07,2.804928703284789021e-02
1.560379653125000000e+07,2.435976805259140038e-02
1.560397231250000000e+07,2.050411751640139613e-02
1.560414809375000000e+07,2.624998242956952735e-02
1.560432387500000000e+07,2.872258789174247581e-02
1.560449965625000000e+07,3.172574651554053993e-02
1.560467543750000000e+07,3.930961428273389152e-02
1.560485121875000000e+07,3.089979114556294995e-02
1.560502700000000000e+07,2.734650114541173002e-02
1.560520278125000000e+07,2.780760790895473594e-02
1.560537856250000000e+07,2.987494875072873451e-02
1.560555434375000000e+07,3.133446701257656952e-02
1.560573012500000000e+07,3.032189501813192800e-02
1.560590590625000000e+07,2.536244331768634785e-02
1.560608168750000000e+07,1.732986673186598381e-02
1.560625746875000000e+07,2.496047262381444545e-02
1.560643325000000000e+07,3.180497885911952316e-02
1.560660903125000000e+07,3.569908402797565550e-02
1.560678481250000000e+07,2.716389996384104000e-02
1.560696059375000000e+07,2.351410258126074640e-02
1.560713637500000000e+07,2.290191508552331945e-02
1.560731215625000000e+07,2.365005918290336712e-02
1.560748793750000000e+07,2.431998778648006287e-02
1.560766371875000000e+07,2.380529611936167342e-02
1.560783950000000000e+07,2.134458704382908092e-02
1.560801528125000000e+07,1.656692352893953876e-02
1.560819106250000000e+07,9.485328323245062129e-03
1.560836684375000000e+07,2.080474147334432020e-02
1.560854262500000000e+07,2.160027568188575831e-02
1.560871840625000000e+07,1.600618168602127231e-02
1.560889418750000000e+07,1.304223339019904178e-02
1.560906996875000000e+07,1.156321783172122378e-02
1.560924575000000000e+07,1.065083529937307406e-02
1.560942153125000000e+07,9.662523146023210135e-03
1.560959731250000000e+07,8.267797759074092118e-03
1.560977309375000000e+07,6.494036411198214273e-03
1.560994887500000000e+07,4.678228434309566162e-03
1.561012465625000000e+07,3.447645343704367968e-03
1.561030043750000000e+07,3.676531162663259408e-03
1.561047621875000000e+07,-2.398565371639584630e-03
1.561065200000000000e+07,-2.973804124586811384e-03
1.561082778125000000e+07,-3.634753094090174136e-03
1.561100356250000000e+07,-4.866387917433982746e-03
1.561117934375000000e+07,-6.865033408504583011e-03
1.561135512500000000e+07,-9.506818099692084661e-03
1.561153090625000000e+07,-1.228483056209160942e-02
1.561170668750000000e+07,-1.439761774584535046e-02
1.561188246875000000e+07,-1.477740788879427364e-02
1.561205825000000000e+07,-1.206945936154060414e-02
1.561223403125000000e+07,-1.162853299398181744e-02
1.561240981250000000e+07,-2.608953675310884610e-02
1.561258559375000000e+07,-2.974868233963020789e-02
1.561276137500000000e+07,-2.573784716878222203e-02
1.561293715625000000e+07,-2.480893560586800231e-02
1.561311293750000000e+07,-2.647053618735216440e-02
1.561328871875000000e+07,-2.984927381818676395e-02
1.561346450000000000e+07,-3.367216460107578385e-02
1.561364028125000000e+07,-3.634437276380251408e-02
1.561381606250000000e+07,-3.599664633024620558e-02
1.561399184375000000e+07,-3.061116774177423394e-02
1.561416762500000000e+07,-3.359337426967345941e-02
1.561434340625000000e+07,-4.164006357171540218e-02
1.561451918750000000e+07,-4.890944168142091070e-02
1.561469496875000000e+07,-5.247539590623497702e-02
1.561487075000000000e+07,-4.677518244640606337e-02
1.561504653125000000e+07,-4.592155502090629338e-02
1.561522231250000000e+07,-4.832971573467619020e-02
1.561539809375000000e+07,-5.202281074856866111e-02
1.561557387500000000e+07,-5.463183993218155565e-02
1.561574965625000000e+07,-5.354203258681039523e-02
1.561592543750000000e+07,-4.598630497041397702e-02
1.561610121875000000e+07,-5.391245352079955533e-02
1.561627700000000000e+07,-5.781826259928982137e-02
1.561645278125000000e+07,-5.986912378690630726e-02
1.561662856250000000e+07,-6.373622437590516221e-02
1.561680434375000000e+07,-6.979992133897136575e-02
1.561698012500000000e+07,-6.363105443559502472e-02
1.561715590625000000e+07,-6.270241180893858235e-02
1.561733168750000000e+07,-6.436251190907016362e-02
1.561750746875000000e+07,-6.555712962870703653e-02
1.561768325000000000e+07,-6.293606096490403368e-02
1.561785903125000000e+07,-5.982718259817512013e-02
1.561803481250000000e+07,-6.698696350664248844e-02
1.561821059375000000e+07,-6.846213734192302391e-02
1.561838637500000000e+07,-6.744278742361603518e-02
1.561856215625000000e+07,-6.698526605694010705e-02
1.561873793750000000e+07,-6.977029956470057193e-02
1.561891371875000000e+07,-7.808139870081967637e-02
1.561908950000000000e+07,-7.216728031390491627e-02
1.561926528125000000e+07,-6.932622372859850723e-02
1.561944106250000000e+07,-6.708576818340236669e-02
1.561961684375000000e+07,-6.147447772112325098e-02
1.561979262500000000e+07,-6.391383963677474411e-02
1.561996840625000000e+07,-6.906742363267794060e-02
1.562014418750000000e+07,-6.919363889951173074e-02
1.562031996875000000e+07,-6.676291588667394861e-02
1.562049575000000000e+07,-6.408634775220591051e-02
1.562067153125000000e+07,-6.313768797178610781e-02
1.562084731250000000e+07,-6.555100060622214009e-02
1.562102309375000000e+07,-7.248188793448784306e-02
1.562119887500000000e+07,-6.767786178301289646e-02
1.562137465625000000e+07,-5.951803109098097871e-02
1.562155043750000000e+07,-4.890518291684825547e-02
1.562172621875000000e+07,-5.588248466780393331e-02
1.562190200000000000e+07,-5.893179821709704919e-02
1.562207778125000000e+07,-5.821054486321724369e-02
1.562225356250000000e+07,-5.545216487949043704e-02
1.562242934375000000e+07,-5.217065674553424126e-02
1.562260512500000000e+07,-4.960342094884315212e-02
1.562278090625000000e+07,-4.866284461625718788e-02
1.562295668750000000e+07,-4.980752220380457729e-02
1.562313246875000000e+07,-5.318179389850200695e-02
1.562330825000000000e+07,-4.598297377885401938e-02
1.562348403125000000e+07,-3.473345895303858732e-02
1.562365981250000000e+07,-3.819697965738816370e-02
1.562383559375000000e+07,-3.848974407542359727e-02
1.562401137500000000e+07,-3.685096759584674531e-02
1.562418715625000000e+07,-3.426529052521235658e-02
1.562436293750000000e+07,-3.149746927538578378e-02
1.562453871875000000e+07,-2.897008520828232500e-02
1.562471450000000000e+07,-2.678818869133527819e-02
1.562489028125000000e+07,-2.474314879737052678e-02
1.562506606250000000e+07,-2.228179960288900058e-02
1.562524184375000000e+07,-1.862247859819411017e-02
1.562541762500000000e+07,-2.000789524980300937e-02
1.562559340625000000e+07,-1.661377966430860331e-02
1.562576918750000000e+07,-1.303280967165522386e-02
1.562594496875000000e+07,-9.864958030095230188e-03
1.562612075000000000e+07,-7.429361735765992181e-03
1.562629653125000000e+07,-5.703097330866695874e-03
1.562647231250000000e+07,-4.328143727775540794e-03
1.562664809375000000e+07,-2.587035291789383570e-03
1.562682387500000000e+07,4.832746851360303830e-04
1.562699965625000000e+07,6.126493373367235783e-03
1.562717543750000000e+07,1.576572121387268682e-02
1.562735121875000000e+07,6.217131316651379469e-03
1.562752700000000000e+07,-1.568170670898167340e-04
1.562770278125000000e+07,8.824770629222263713e-03
1.562787856250000000e+07,1.459723014893732525e-02
1.562805434375000000e+07,1.746853534361565707e-02
1.562823012500000000e+07,1.819123454585211408e-02
1.562840590625000000e+07,1.789363581523468680e-02
1.562858168750000000e+07,1.807423110233664226e-02
1.562875746875000000e+07,2.048996306988788013e-02
1.562893325000000000e+07,2.710486678277889555e-02
1.562910903125000000e+07,3.324772253267110206e-02
1.562928481250000000e+07,2.678211970150331731e-02
1.562946059375000000e+07,2.240449622270042698e-02
1.562963637500000000e+07,1.574668882473216625e-02
1.562981215625000000e+07,2.540108815091523045e-02
1.562998793750000000e+07,2.979712000532596522e-02
1.563016371875000000e+07,3.013411360321086724e-02
1.563033950000000000e+07,2.824508841344239990e-02
1.563051528125000000e+07,2.637570242224333839e-02
1.563069106250000000e+07,2.707344760971733960e-02
1.563086684375000000e+07,3.302896788995936250e-02
1.563104262500000000e+07,3.149824271878089166e-02
1.563121840625000000e+07,2.641502223835061683e-02
1.563139418750000000e+07,2.417880755038556012e-02
1.563156996875000000e+07,2.100733776393295255e-02
1.563174575000000000e+07,1.341643132651016215e-02
1.563192153125000000e+07,1.646676384045875005e-02
1.563209731250000000e+07,1.758474109781455602e-02
1.563227309375000000e+07,1.480838706417806835e-02
1.563244887500000000e+07,1.108851911576535718e-02
1.563262465625000000e+07,9.667764801427270599e-03
1.563280043750000000e+07,1.396808957575783328e-02
1.563297621875000000e+07,2.756269165590393821e-03
1.563315200000000000e+07,-3.836830195933515347e-03
1.563332778125000000e+07,-7.308465619177953801e-03
1.563350356250000000e+07,-1.077379862780679029e-02
1.563367934375000000e+07,-1.709033205867527966e-02
1.563385512500000000e+07,-2.866482916857551050e-02
1.563403090625000000e+07,-3.377719343662515666e-02
1.563420668750000000e+07,-3.614338080329088099e-02
1.563438246875000000e+07,-4.088018145676386439e-02
1.563455825000000000e+07,-4.408957624214915327e-02
1.563473403125000000e+07,-4.846951419061903965e-02
1.563490981250000000e+07,-6.413154184313990536e-02
1.563508559375000000e+07,-7.440574153334349183e-02
1.563526137500000000e+07,-8.185215308466982365e-02
1.563543715625000000e+07,-8.885168296487132300e-02
1.563561293750000000e+07,-9.750869407254883492e-02
1.563578871875000000e+07,-1.095728292794821146e-01
1.563596450000000000e+07,-1.264013524416294221e-01
1.563614028125000000e+07,-1.395004781363788915e-01
1.563631606250000000e+07,-1.437768788405788534e-01
1.563649184375000000e+07,-1.477424930173648898e-01
1.563666762500000000e+07,-1.622615016851755576e-01
1.563684340625000000e+07,-1.814216364080268873e-01
1.563701918750000000e+07,-1.968036631672344106e-01
1.563719496875000000e+07,-2.101959416684486825e-01
1.563737075000000000e+07,-2.232123569025615539e-01
1.563754653125000000e+07,-2.372199235420358321e-01
1.563772231250000000e+07,-2.532068802263457430e-01
1.563789809375000000e+07,-2.718098133472954814e-01
1.563807387500000000e+07,-2.933069523219029584e-01
1.563824965625000000e+07,-3.124790034229625313e-01
1.563842543750000000e+07,-3.155450002369630802e-01
1.563860121875000000e+07,-3.394215191368927798e-01
1.563877700000000000e+07,-3.621282625764322138e-01
1.563895278125000000e+07,-3.831762428509650764e-01
1.563912856250000000e+07,-4.036691495760436066e-01
1.563930434375000000e+07,-4.244206018737418651e-01
1.563948012500000000e+07,-4.460176713133737203e-01
1.563965590625000000e+07,-4.686425493148619337e-01
1.563983168750000000e+07,-4.922093443679457225e-01
1.564000746875000000e+07,-5.162824115624389254e-01
1.564018325000000000e+07,-5.401413829024732660e-01
1.564035903125000000e+07,-5.687895526982813532e-01
1.564053481250000000e+07,-5.940739285776563960e-01
1.564071059375000000e+07,-6.196152433055086561e-01
1.564088637500000000e+07,-6.461182569009291665e-01
1.564106215625000000e+07,-6.740038003531989563e-01
1.564123793750000000e+07,-7.033664295301943481e-01
1.564141371875000000e+07,-7.339500059838648394e-01
1.564158950000000000e+07,-7.651722836218508572e-01
1.564176528125000000e+07,-7.961381345687790212e-01
1.564194106250000000e+07,-8.256926733595579826e-01
1.564211684375000000e+07,-8.524712309165773938e-01
1.564229262500000000e+07,-8.904872156020225971e-01
1.564246840625000000e+07,-9.369987808498334569e-01
1.564264418750000000e+07,-9.674163033305011039e-01
1.564281996875000000e+07,-9.984234886260439090e-01
1.564299575000000000e+07,-1.033226933370248402e+00
1.564317153125000000e+07,-1.071181765509969797e+00
1.564334731250000000e+07,-1.111309518645661853e+00
1.564352309375000000e+07,-1.152237253176159104e+00
1.564369887500000000e+07,-1.192261156254417642e+00
1.564387465625000000e+07,-1.229479499735399273e+00
1.564405043750000000e+07,-1.261838939709662766e+00
1.564422621875000000e+07,-1.311927215150733073e+00
1.564440200000000000e+07,-1.360891094387891798e+00
1.564457778125000000e+07,-1.411460711199848284e+00
1.564475356250000000e+07,-1.453005470236300223e+00
1.564492934375000000e+07,-1.493493484503132018e+00
1.564510512500000000e+07,-1.539276165980041577e+00
1.564528090625000000e+07,-1.588667544723709524e+00
1.564545668750000000e+07,-1.639553923845507022e+00
1.564563246875000000e+07,-1.689458756034239117e+00
1.564580825000000000e+07,-1.735736025910459057e+00
1.564598403125000000e+07,-1.782405939326801469e+00
1.564615981250000000e+07,-1.840900290974437414e+00
1.564633559375000000e+07,-1.895972345983044871e+00
1.564651137500000000e+07,-1.951434854352488202e+00
1.564668715625000000e+07,-2.010909357616950999e+00
1.564686293750000000e+07,-2.067175397564844364e+00
1.564703871875000000e+07,-2.119322540402178490e+00
1.564721450000000000e+07,-2.176929983507472244e+00
1.564739028125000000e+07,-2.237203546719985781e+00
1.564756606250000000e+07,-2.296986948915646476e+00
1.564774184375000000e+07,-2.352889067507273779e+00
1.564791762500000000e+07,-2.416972040536339961e+00
1.564809340625000000e+07,-2.484607195512445799e+00
1.564826918750000000e+07,-2.548737255207180308e+00
1.564844496875000000e+07,-2.612534722097997530e+00
1.564862075000000000e+07,-2.678940422523965914e+00
1.564879653125000000e+07,-2.750530258887851076e+00
1.564897231250000000e+07,-2.823274174585447049e+00
1.564914809375000000e+07,-2.887400825220654443e+00
1.564932387500000000e+07,-2.955787372484958819e+00
1.564949965625000000e+07,-3.024644844042649883e+00
1.564967543750000000e+07,-3.089938277594914684e+00
1.564985121875000000e+07,-3.172231765314545093e+00
1.565002700000000000e+07,-3.250698894870694744e+00
